NPA,LOGRECNO,GEOID,NAME,GEOID2
2,16199,15000US371190017011,"Block Group 1, Census Tract 17.01, Mecklenburg County, North Carolina",371190017011
2,16207,15000US371190018013,"Block Group 3, Census Tract 18.01, Mecklenburg County, North Carolina",371190018013
3,16149,15000US371190003001,"Block Group 1, Census Tract 3, Mecklenburg County, North Carolina",371190003001
3,16151,15000US371190004002,"Block Group 2, Census Tract 4, Mecklenburg County, North Carolina",371190004002
3,16345,15000US371190034002,"Block Group 2, Census Tract 34, Mecklenburg County, North Carolina",371190034002
3,16346,15000US371190034003,"Block Group 3, Census Tract 34, Mecklenburg County, North Carolina",371190034003
3,16347,15000US371190034004,"Block Group 4, Census Tract 34, Mecklenburg County, North Carolina",371190034004
3,16348,15000US371190035001,"Block Group 1, Census Tract 35, Mecklenburg County, North Carolina",371190035001
3,16349,15000US371190035002,"Block Group 2, Census Tract 35, Mecklenburg County, North Carolina",371190035002
4,16279,15000US371190029031,"Block Group 1, Census Tract 29.03, Mecklenburg County, North Carolina",371190029031
5,16382,15000US371190042001,"Block Group 1, Census Tract 42, Mecklenburg County, North Carolina",371190042001
6,16384,15000US371190042003,"Block Group 3, Census Tract 42, Mecklenburg County, North Carolina",371190042003
6,16385,15000US371190042004,"Block Group 4, Census Tract 42, Mecklenburg County, North Carolina",371190042004
7,16280,15000US371190029032,"Block Group 2, Census Tract 29.03, Mecklenburg County, North Carolina",371190029032
8,16320,15000US371190031021,"Block Group 1, Census Tract 31.02, Mecklenburg County, North Carolina",371190031021
9,16172,15000US371190013003,"Block Group 3, Census Tract 13, Mecklenburg County, North Carolina",371190013003
10,16170,15000US371190013001,"Block Group 1, Census Tract 13, Mecklenburg County, North Carolina",371190013001
10,16171,15000US371190013002,"Block Group 2, Census Tract 13, Mecklenburg County, North Carolina",371190013002
11,16340,15000US371190032043,"Block Group 3, Census Tract 32.04, Mecklenburg County, North Carolina",371190032043
11,16344,15000US371190034001,"Block Group 1, Census Tract 34, Mecklenburg County, North Carolina",371190034001
12,16330,15000US371190031081,"Block Group 1, Census Tract 31.08, Mecklenburg County, North Carolina",371190031081
12,16333,15000US371190031092,"Block Group 2, Census Tract 31.09, Mecklenburg County, North Carolina",371190031092
13,16335,15000US371190032012,"Block Group 2, Census Tract 32.01, Mecklenburg County, North Carolina",371190032012
13,16336,15000US371190032031,"Block Group 1, Census Tract 32.03, Mecklenburg County, North Carolina",371190032031
14,16463,15000US371190055221,"Block Group 1, Census Tract 55.22, Mecklenburg County, North Carolina",371190055221
14,16464,15000US371190055222,"Block Group 2, Census Tract 55.22, Mecklenburg County, North Carolina",371190055222
15,16250,15000US371190020033,"Block Group 3, Census Tract 20.03, Mecklenburg County, North Carolina",371190020033
15,16251,15000US371190020034,"Block Group 4, Census Tract 20.03, Mecklenburg County, North Carolina",371190020034
16,16230,15000US371190019181,"Block Group 1, Census Tract 19.18, Mecklenburg County, North Carolina",371190019181
16,16231,15000US371190019182,"Block Group 2, Census Tract 19.18, Mecklenburg County, North Carolina",371190019182
16,16234,15000US371190019192,"Block Group 2, Census Tract 19.19, Mecklenburg County, North Carolina",371190019192
16,16235,15000US371190019193,"Block Group 3, Census Tract 19.19, Mecklenburg County, North Carolina",371190019193
17,16187,15000US371190015101,"Block Group 1, Census Tract 15.10, Mecklenburg County, North Carolina",371190015101
17,16188,15000US371190015102,"Block Group 2, Census Tract 15.10, Mecklenburg County, North Carolina",371190015102
18,16258,15000US371190022001,"Block Group 1, Census Tract 22, Mecklenburg County, North Carolina",371190022001
18,16261,15000US371190022004,"Block Group 4, Census Tract 22, Mecklenburg County, North Carolina",371190022004
19,16326,15000US371190031051,"Block Group 1, Census Tract 31.05, Mecklenburg County, North Carolina",371190031051
19,16327,15000US371190031052,"Block Group 2, Census Tract 31.05, Mecklenburg County, North Carolina",371190031052
20,16581,15000US371190058421,"Block Group 1, Census Tract 58.42, Mecklenburg County, North Carolina",371190058421
20,16582,15000US371190058422,"Block Group 2, Census Tract 58.42, Mecklenburg County, North Carolina",371190058422
21,16413,15000US371190053011,"Block Group 1, Census Tract 53.01, Mecklenburg County, North Carolina",371190053011
22,16157,15000US371190007001,"Block Group 1, Census Tract 7, Mecklenburg County, North Carolina",371190007001
23,16252,15000US371190020035,"Block Group 5, Census Tract 20.03, Mecklenburg County, North Carolina",371190020035
24,16334,15000US371190032011,"Block Group 1, Census Tract 32.01, Mecklenburg County, North Carolina",371190032011
25,16539,15000US371190058172,"Block Group 2, Census Tract 58.17, Mecklenburg County, North Carolina",371190058172
26,16502,15000US371190056211,"Block Group 1, Census Tract 56.21, Mecklenburg County, North Carolina",371190056211
27,16525,15000US371190057162,"Block Group 2, Census Tract 57.16, Mecklenburg County, North Carolina",371190057162
28,16260,15000US371190022003,"Block Group 3, Census Tract 22, Mecklenburg County, North Carolina",371190022003
29,16538,15000US371190058171,"Block Group 1, Census Tract 58.17, Mecklenburg County, North Carolina",371190058171
30,16355,15000US371190037002,"Block Group 2, Census Tract 37, Mecklenburg County, North Carolina",371190037002
31,16292,15000US371190030061,"Block Group 1, Census Tract 30.06, Mecklenburg County, North Carolina",371190030061
32,16559,15000US371190058313,"Block Group 3, Census Tract 58.31, Mecklenburg County, North Carolina",371190058313
33,16470,15000US371190055242,"Block Group 2, Census Tract 55.24, Mecklenburg County, North Carolina",371190055242
34,16626,15000US371190060062,"Block Group 2, Census Tract 60.06, Mecklenburg County, North Carolina",371190060062
35,16598,15000US371190059061,"Block Group 1, Census Tract 59.06, Mecklenburg County, North Carolina",371190059061
36,16529,15000US371190058111,"Block Group 1, Census Tract 58.11, Mecklenburg County, North Carolina",371190058111
37,16158,15000US371190008001,"Block Group 1, Census Tract 8, Mecklenburg County, North Carolina",371190008001
38,16431,15000US371190055081,"Block Group 1, Census Tract 55.08, Mecklenburg County, North Carolina",371190055081
39,16182,15000US371190015081,"Block Group 1, Census Tract 15.08, Mecklenburg County, North Carolina",371190015081
40,16175,15000US371190015041,"Block Group 1, Census Tract 15.04, Mecklenburg County, North Carolina",371190015041
41,16555,15000US371190058301,"Block Group 1, Census Tract 58.30, Mecklenburg County, North Carolina",371190058301
42,16293,15000US371190030062,"Block Group 2, Census Tract 30.06, Mecklenburg County, North Carolina",371190030062
43,16297,15000US371190030074,"Block Group 4, Census Tract 30.07, Mecklenburg County, North Carolina",371190030074
44,16305,15000US371190030114,"Block Group 4, Census Tract 30.11, Mecklenburg County, North Carolina",371190030114
45,16602,15000US371190059071,"Block Group 1, Census Tract 59.07, Mecklenburg County, North Carolina",371190059071
46,16483,15000US371190056102,"Block Group 2, Census Tract 56.10, Mecklenburg County, North Carolina",371190056102
47,16247,15000US371190020024,"Block Group 4, Census Tract 20.02, Mecklenburg County, North Carolina",371190020024
48,16492,15000US371190056161,"Block Group 1, Census Tract 56.16, Mecklenburg County, North Carolina",371190056161
49,16644,15000US371190061044,"Block Group 4, Census Tract 61.04, Mecklenburg County, North Carolina",371190061044
50,16216,15000US371190019121,"Block Group 1, Census Tract 19.12, Mecklenburg County, North Carolina",371190019121
51,16379,15000US371190041002,"Block Group 2, Census Tract 41, Mecklenburg County, North Carolina",371190041002
52,16220,15000US371190019141,"Block Group 1, Census Tract 19.14, Mecklenburg County, North Carolina",371190019141
53,16365,15000US371190038072,"Block Group 2, Census Tract 38.07, Mecklenburg County, North Carolina",371190038072
54,16361,15000US371190038062,"Block Group 2, Census Tract 38.06, Mecklenburg County, North Carolina",371190038062
55,16301,15000US371190030083,"Block Group 3, Census Tract 30.08, Mecklenburg County, North Carolina",371190030083
56,16535,15000US371190058152,"Block Group 2, Census Tract 58.15, Mecklenburg County, North Carolina",371190058152
57,16233,15000US371190019191,"Block Group 1, Census Tract 19.19, Mecklenburg County, North Carolina",371190019191
58,16212,15000US371190019103,"Block Group 3, Census Tract 19.10, Mecklenburg County, North Carolina",371190019103
59,16242,15000US371190019231,"Block Group 1, Census Tract 19.23, Mecklenburg County, North Carolina",371190019231
60,16481,15000US371190056091,"Block Group 1, Census Tract 56.09, Mecklenburg County, North Carolina",371190056091
61,16482,15000US371190056101,"Block Group 1, Census Tract 56.10, Mecklenburg County, North Carolina",371190056101
62,16477,15000US371190056043,"Block Group 3, Census Tract 56.04, Mecklenburg County, North Carolina",371190056043
62,16476,15000US371190056042,"Block Group 2, Census Tract 56.04, Mecklenburg County, North Carolina",371190056042
64,16480,15000US371190056053,"Block Group 3, Census Tract 56.05, Mecklenburg County, North Carolina",371190056053
64,16479,15000US371190056052,"Block Group 2, Census Tract 56.05, Mecklenburg County, North Carolina",371190056052
65,16468,15000US371190055233,"Block Group 3, Census Tract 55.23, Mecklenburg County, North Carolina",371190055233
66,16467,15000US371190055232,"Block Group 2, Census Tract 55.23, Mecklenburg County, North Carolina",371190055232
67,16460,15000US371190055211,"Block Group 1, Census Tract 55.21, Mecklenburg County, North Carolina",371190055211
68,16617,15000US371190059143,"Block Group 3, Census Tract 59.14, Mecklenburg County, North Carolina",371190059143
69,16288,15000US371190029052,"Block Group 2, Census Tract 29.05, Mecklenburg County, North Carolina",371190029052
70,16399,15000US371190046001,"Block Group 1, Census Tract 46, Mecklenburg County, North Carolina",371190046001
71,16367,15000US371190038082,"Block Group 2, Census Tract 38.08, Mecklenburg County, North Carolina",371190038082
72,16647,15000US371190061062,"Block Group 2, Census Tract 61.06, Mecklenburg County, North Carolina",371190061062
73,16624,15000US371190060051,"Block Group 1, Census Tract 60.05, Mecklenburg County, North Carolina",371190060051
74,16552,15000US371190058283,"Block Group 3, Census Tract 58.28, Mecklenburg County, North Carolina",371190058283
75,16574,15000US371190058382,"Block Group 2, Census Tract 58.38, Mecklenburg County, North Carolina",371190058382
76,16609,15000US371190059112,"Block Group 2, Census Tract 59.11, Mecklenburg County, North Carolina",371190059112
77,16607,15000US371190059101,"Block Group 1, Census Tract 59.10, Mecklenburg County, North Carolina",371190059101
78,16622,15000US371190059172,"Block Group 2, Census Tract 59.17, Mecklenburg County, North Carolina",371190059172
79,16366,15000US371190038081,"Block Group 1, Census Tract 38.08, Mecklenburg County, North Carolina",371190038081
80,16461,15000US371190055212,"Block Group 2, Census Tract 55.21, Mecklenburg County, North Carolina",371190055212
81,16616,15000US371190059142,"Block Group 2, Census Tract 59.14, Mecklenburg County, North Carolina",371190059142
82,16615,15000US371190059141,"Block Group 1, Census Tract 59.14, Mecklenburg County, North Carolina",371190059141
83,16600,15000US371190059063,"Block Group 3, Census Tract 59.06, Mecklenburg County, North Carolina",371190059063
84,16601,15000US371190059064,"Block Group 4, Census Tract 59.06, Mecklenburg County, North Carolina",371190059064
85,16400,15000US371190046002,"Block Group 2, Census Tract 46, Mecklenburg County, North Carolina",371190046002
86,16200,15000US371190017012,"Block Group 2, Census Tract 17.01, Mecklenburg County, North Carolina",371190017012
87,16168,15000US371190012002,"Block Group 2, Census Tract 12, Mecklenburg County, North Carolina",371190012002
88,16397,15000US371190045002,"Block Group 2, Census Tract 45, Mecklenburg County, North Carolina",371190045002
89,16213,15000US371190019111,"Block Group 1, Census Tract 19.11, Mecklenburg County, North Carolina",371190019111
90,16191,15000US371190016051,"Block Group 1, Census Tract 16.05, Mecklenburg County, North Carolina",371190016051
91,16215,15000US371190019113,"Block Group 3, Census Tract 19.11, Mecklenburg County, North Carolina",371190019113
92,16618,15000US371190059151,"Block Group 1, Census Tract 59.15, Mecklenburg County, North Carolina",371190059151
93,16619,15000US371190059161,"Block Group 1, Census Tract 59.16, Mecklenburg County, North Carolina",371190059161
94,16620,15000US371190059162,"Block Group 2, Census Tract 59.16, Mecklenburg County, North Carolina",371190059162
95,16614,15000US371190059133,"Block Group 3, Census Tract 59.13, Mecklenburg County, North Carolina",371190059133
96,16611,15000US371190059122,"Block Group 2, Census Tract 59.12, Mecklenburg County, North Carolina",371190059122
97,16621,15000US371190059171,"Block Group 1, Census Tract 59.17, Mecklenburg County, North Carolina",371190059171
98,16499,15000US371190056201,"Block Group 1, Census Tract 56.20, Mecklenburg County, North Carolina",371190056201
99,16221,15000US371190019142,"Block Group 2, Census Tract 19.14, Mecklenburg County, North Carolina",371190019142
100,16186,15000US371190015092,"Block Group 2, Census Tract 15.09, Mecklenburg County, North Carolina",371190015092
101,16422,15000US371190053081,"Block Group 1, Census Tract 53.08, Mecklenburg County, North Carolina",371190053081
102,16180,15000US371190015072,"Block Group 2, Census Tract 15.07, Mecklenburg County, North Carolina",371190015072
103,16421,15000US371190053072,"Block Group 2, Census Tract 53.07, Mecklenburg County, North Carolina",371190053072
105,16329,15000US371190031062,"Block Group 2, Census Tract 31.06, Mecklenburg County, North Carolina",371190031062
106,16322,15000US371190031023,"Block Group 3, Census Tract 31.02, Mecklenburg County, North Carolina",371190031023
107,16526,15000US371190057171,"Block Group 1, Census Tract 57.17, Mecklenburg County, North Carolina",371190057171
108,16527,15000US371190057172,"Block Group 2, Census Tract 57.17, Mecklenburg County, North Carolina",371190057172
109,16639,15000US371190061031,"Block Group 1, Census Tract 61.03, Mecklenburg County, North Carolina",371190061031
110,16640,15000US371190061032,"Block Group 2, Census Tract 61.03, Mecklenburg County, North Carolina",371190061032
111,16606,15000US371190059092,"Block Group 2, Census Tract 59.09, Mecklenburg County, North Carolina",371190059092
112,16642,15000US371190061042,"Block Group 2, Census Tract 61.04, Mecklenburg County, North Carolina",371190061042
113,16643,15000US371190061043,"Block Group 3, Census Tract 61.04, Mecklenburg County, North Carolina",371190061043
114,16373,15000US371190039032,"Block Group 2, Census Tract 39.03, Mecklenburg County, North Carolina",371190039032
115,16587,15000US371190058442,"Block Group 2, Census Tract 58.44, Mecklenburg County, North Carolina",371190058442
116,16544,15000US371190058241,"Block Group 1, Census Tract 58.24, Mecklenburg County, North Carolina",371190058241
117,16437,15000US371190055102,"Block Group 2, Census Tract 55.10, Mecklenburg County, North Carolina",371190055102
118,16313,15000US371190030153,"Block Group 3, Census Tract 30.15, Mecklenburg County, North Carolina",371190030153
119,16627,15000US371190060063,"Block Group 3, Census Tract 60.06, Mecklenburg County, North Carolina",371190060063
120,16369,15000US371190039022,"Block Group 2, Census Tract 39.02, Mecklenburg County, North Carolina",371190039022
121,16363,15000US371190038064,"Block Group 4, Census Tract 38.06, Mecklenburg County, North Carolina",371190038064
122,16696,15000US371199801001,"Block Group 1, Census Tract 9801, Mecklenburg County, North Carolina",371199801001
123,16425,15000US371190054012,"Block Group 2, Census Tract 54.01, Mecklenburg County, North Carolina",371190054012
124,16374,15000US371190040001,"Block Group 1, Census Tract 40, Mecklenburg County, North Carolina",371190040001
124,16375,15000US371190040002,"Block Group 2, Census Tract 40, Mecklenburg County, North Carolina",371190040002
125,16424,15000US371190054011,"Block Group 1, Census Tract 54.01, Mecklenburg County, North Carolina",371190054011
126,16407,15000US371190050002,"Block Group 2, Census Tract 50, Mecklenburg County, North Carolina",371190050002
127,16194,15000US371190016071,"Block Group 1, Census Tract 16.07, Mecklenburg County, North Carolina",371190016071
128,16195,15000US371190016081,"Block Group 1, Census Tract 16.08, Mecklenburg County, North Carolina",371190016081
129,16550,15000US371190058281,"Block Group 1, Census Tract 58.28, Mecklenburg County, North Carolina",371190058281
130,16604,15000US371190059081,"Block Group 1, Census Tract 59.08, Mecklenburg County, North Carolina",371190059081
131,16524,15000US371190057161,"Block Group 1, Census Tract 57.16, Mecklenburg County, North Carolina",371190057161
132,16325,15000US371190031033,"Block Group 3, Census Tract 31.03, Mecklenburg County, North Carolina",371190031033
133,16289,15000US371190029061,"Block Group 1, Census Tract 29.06, Mecklenburg County, North Carolina",371190029061
134,16238,15000US371190019203,"Block Group 3, Census Tract 19.20, Mecklenburg County, North Carolina",371190019203
135,16232,15000US371190019183,"Block Group 3, Census Tract 19.18, Mecklenburg County, North Carolina",371190019183
136,16629,15000US371190060072,"Block Group 2, Census Tract 60.07, Mecklenburg County, North Carolina",371190060072
137,16637,15000US371190060103,"Block Group 3, Census Tract 60.10, Mecklenburg County, North Carolina",371190060103
138,16414,15000US371190053012,"Block Group 2, Census Tract 53.01, Mecklenburg County, North Carolina",371190053012
139,16426,15000US371190054013,"Block Group 3, Census Tract 54.01, Mecklenburg County, North Carolina",371190054013
140,16389,15000US371190043031,"Block Group 1, Census Tract 43.03, Mecklenburg County, North Carolina",371190043031
141,16394,15000US371190044001,"Block Group 1, Census Tract 44, Mecklenburg County, North Carolina",371190044001
142,16549,15000US371190058271,"Block Group 1, Census Tract 58.27, Mecklenburg County, North Carolina",371190058271
143,16306,15000US371190030115,"Block Group 5, Census Tract 30.11, Mecklenburg County, North Carolina",371190030115
144,16512,15000US371190057102,"Block Group 2, Census Tract 57.10, Mecklenburg County, North Carolina",371190057102
145,16228,15000US371190019171,"Block Group 1, Census Tract 19.17, Mecklenburg County, North Carolina",371190019171
146,16226,15000US371190019161,"Block Group 1, Census Tract 19.16, Mecklenburg County, North Carolina",371190019161
147,16227,15000US371190019162,"Block Group 2, Census Tract 19.16, Mecklenburg County, North Carolina",371190019162
148,16593,15000US371190058472,"Block Group 2, Census Tract 58.47, Mecklenburg County, North Carolina",371190058472
149,16594,15000US371190058473,"Block Group 3, Census Tract 58.47, Mecklenburg County, North Carolina",371190058473
150,16428,15000US371190054032,"Block Group 2, Census Tract 54.03, Mecklenburg County, North Carolina",371190054032
151,16586,15000US371190058441,"Block Group 1, Census Tract 58.44, Mecklenburg County, North Carolina",371190058441
152,16459,15000US371190055202,"Block Group 2, Census Tract 55.20, Mecklenburg County, North Carolina",371190055202
153,16458,15000US371190055201,"Block Group 1, Census Tract 55.20, Mecklenburg County, North Carolina",371190055201
154,16454,15000US371190055181,"Block Group 1, Census Tract 55.18, Mecklenburg County, North Carolina",371190055181
155,16484,15000US371190056111,"Block Group 1, Census Tract 56.11, Mecklenburg County, North Carolina",371190056111
156,16628,15000US371190060071,"Block Group 1, Census Tract 60.07, Mecklenburg County, North Carolina",371190060071
157,16412,15000US371190052003,"Block Group 3, Census Tract 52, Mecklenburg County, North Carolina",371190052003
158,16395,15000US371190044002,"Block Group 2, Census Tract 44, Mecklenburg County, North Carolina",371190044002
159,16371,15000US371190039024,"Block Group 4, Census Tract 39.02, Mecklenburg County, North Carolina",371190039024
160,16429,15000US371190054041,"Block Group 1, Census Tract 54.04, Mecklenburg County, North Carolina",371190054041
161,16255,15000US371190020043,"Block Group 3, Census Tract 20.04, Mecklenburg County, North Carolina",371190020043
162,16240,15000US371190019221,"Block Group 1, Census Tract 19.22, Mecklenburg County, North Carolina",371190019221
163,16269,15000US371190026001,"Block Group 1, Census Tract 26, Mecklenburg County, North Carolina",371190026001
164,16201,15000US371190017021,"Block Group 1, Census Tract 17.02, Mecklenburg County, North Carolina",371190017021
164,16204,15000US371190017024,"Block Group 4, Census Tract 17.02, Mecklenburg County, North Carolina",371190017024
165,16219,15000US371190019124,"Block Group 4, Census Tract 19.12, Mecklenburg County, North Carolina",371190019124
166,16218,15000US371190019123,"Block Group 3, Census Tract 19.12, Mecklenburg County, North Carolina",371190019123
167,16197,15000US371190016091,"Block Group 1, Census Tract 16.09, Mecklenburg County, North Carolina",371190016091
168,16196,15000US371190016082,"Block Group 2, Census Tract 16.08, Mecklenburg County, North Carolina",371190016082
169,16573,15000US371190058381,"Block Group 1, Census Tract 58.38, Mecklenburg County, North Carolina",371190058381
170,16584,15000US371190058431,"Block Group 1, Census Tract 58.43, Mecklenburg County, North Carolina",371190058431
171,16537,15000US371190058162,"Block Group 2, Census Tract 58.16, Mecklenburg County, North Carolina",371190058162
172,16589,15000US371190058452,"Block Group 2, Census Tract 58.45, Mecklenburg County, North Carolina",371190058452
173,16391,15000US371190043042,"Block Group 2, Census Tract 43.04, Mecklenburg County, North Carolina",371190043042
174,16610,15000US371190059121,"Block Group 1, Census Tract 59.12, Mecklenburg County, North Carolina",371190059121
175,16312,15000US371190030152,"Block Group 2, Census Tract 30.15, Mecklenburg County, North Carolina",371190030152
176,16583,15000US371190058423,"Block Group 3, Census Tract 58.42, Mecklenburg County, North Carolina",371190058423
177,16299,15000US371190030081,"Block Group 1, Census Tract 30.08, Mecklenburg County, North Carolina",371190030081
178,16359,15000US371190038051,"Block Group 1, Census Tract 38.05, Mecklenburg County, North Carolina",371190038051
179,16245,15000US371190020022,"Block Group 2, Census Tract 20.02, Mecklenburg County, North Carolina",371190020022
180,16237,15000US371190019202,"Block Group 2, Census Tract 19.20, Mecklenburg County, North Carolina",371190019202
181,16534,15000US371190058151,"Block Group 1, Census Tract 58.15, Mecklenburg County, North Carolina",371190058151
182,16405,15000US371190049001,"Block Group 1, Census Tract 49, Mecklenburg County, North Carolina",371190049001
183,16217,15000US371190019122,"Block Group 2, Census Tract 19.12, Mecklenburg County, North Carolina",371190019122
184,16166,15000US371190011002,"Block Group 2, Census Tract 11, Mecklenburg County, North Carolina",371190011002
185,16332,15000US371190031091,"Block Group 1, Census Tract 31.09, Mecklenburg County, North Carolina",371190031091
186,16239,15000US371190019211,"Block Group 1, Census Tract 19.21, Mecklenburg County, North Carolina",371190019211
187,16571,15000US371190058373,"Block Group 3, Census Tract 58.37, Mecklenburg County, North Carolina",371190058373
188,16570,15000US371190058372,"Block Group 2, Census Tract 58.37, Mecklenburg County, North Carolina",371190058372
189,16579,15000US371190058412,"Block Group 2, Census Tract 58.41, Mecklenburg County, North Carolina",371190058412
190,16638,15000US371190060104,"Block Group 4, Census Tract 60.10, Mecklenburg County, North Carolina",371190060104
191,16646,15000US371190061061,"Block Group 1, Census Tract 61.06, Mecklenburg County, North Carolina",371190061061
192,16487,15000US371190056131,"Block Group 1, Census Tract 56.13, Mecklenburg County, North Carolina",371190056131
193,16246,15000US371190020023,"Block Group 3, Census Tract 20.02, Mecklenburg County, North Carolina",371190020023
194,16560,15000US371190058321,"Block Group 1, Census Tract 58.32, Mecklenburg County, North Carolina",371190058321
195,16457,15000US371190055192,"Block Group 2, Census Tract 55.19, Mecklenburg County, North Carolina",371190055192
196,16651,15000US371190061082,"Block Group 2, Census Tract 61.08, Mecklenburg County, North Carolina",371190061082
197,16198,15000US371190016092,"Block Group 2, Census Tract 16.09, Mecklenburg County, North Carolina",371190016092
198,16286,15000US371190029045,"Block Group 5, Census Tract 29.04, Mecklenburg County, North Carolina",371190029045
199,16393,15000US371190043052,"Block Group 2, Census Tract 43.05, Mecklenburg County, North Carolina",371190043052
200,16159,15000US371190008002,"Block Group 2, Census Tract 8, Mecklenburg County, North Carolina",371190008002
201,16309,15000US371190030131,"Block Group 1, Census Tract 30.13, Mecklenburg County, North Carolina",371190030131
202,16236,15000US371190019201,"Block Group 1, Census Tract 19.20, Mecklenburg County, North Carolina",371190019201
203,16603,15000US371190059072,"Block Group 2, Census Tract 59.07, Mecklenburg County, North Carolina",371190059072
204,16585,15000US371190058432,"Block Group 2, Census Tract 58.43, Mecklenburg County, North Carolina",371190058432
205,16315,15000US371190030162,"Block Group 2, Census Tract 30.16, Mecklenburg County, North Carolina",371190030162
206,16316,15000US371190030163,"Block Group 3, Census Tract 30.16, Mecklenburg County, North Carolina",371190030163
207,16649,15000US371190061072,"Block Group 2, Census Tract 61.07, Mecklenburg County, North Carolina",371190061072
208,16287,15000US371190029051,"Block Group 1, Census Tract 29.05, Mecklenburg County, North Carolina",371190029051
209,16648,15000US371190061071,"Block Group 1, Census Tract 61.07, Mecklenburg County, North Carolina",371190061071
210,16281,15000US371190029033,"Block Group 3, Census Tract 29.03, Mecklenburg County, North Carolina",371190029033
211,16650,15000US371190061081,"Block Group 1, Census Tract 61.08, Mecklenburg County, North Carolina",371190061081
212,16364,15000US371190038071,"Block Group 1, Census Tract 38.07, Mecklenburg County, North Carolina",371190038071
213,16302,15000US371190030111,"Block Group 1, Census Tract 30.11, Mecklenburg County, North Carolina",371190030111
215,16294,15000US371190030071,"Block Group 1, Census Tract 30.07, Mecklenburg County, North Carolina",371190030071
216,16285,15000US371190029044,"Block Group 4, Census Tract 29.04, Mecklenburg County, North Carolina",371190029044
217,16282,15000US371190029041,"Block Group 1, Census Tract 29.04, Mecklenburg County, North Carolina",371190029041
218,16449,15000US371190055143,"Block Group 3, Census Tract 55.14, Mecklenburg County, North Carolina",371190055143
219,16475,15000US371190056041,"Block Group 1, Census Tract 56.04, Mecklenburg County, North Carolina",371190056041
220,16229,15000US371190019172,"Block Group 2, Census Tract 19.17, Mecklenburg County, North Carolina",371190019172
221,16478,15000US371190056051,"Block Group 1, Census Tract 56.05, Mecklenburg County, North Carolina",371190056051
222,16311,15000US371190030151,"Block Group 1, Census Tract 30.15, Mecklenburg County, North Carolina",371190030151
223,16176,15000US371190015042,"Block Group 2, Census Tract 15.04, Mecklenburg County, North Carolina",371190015042
224,16557,15000US371190058311,"Block Group 1, Census Tract 58.31, Mecklenburg County, North Carolina",371190058311
225,16504,15000US371190056213,"Block Group 3, Census Tract 56.21, Mecklenburg County, North Carolina",371190056213
226,16337,15000US371190032032,"Block Group 2, Census Tract 32.03, Mecklenburg County, North Carolina",371190032032
227,16501,15000US371190056203,"Block Group 3, Census Tract 56.20, Mecklenburg County, North Carolina",371190056203
228,16503,15000US371190056212,"Block Group 2, Census Tract 56.21, Mecklenburg County, North Carolina",371190056212
229,16500,15000US371190056202,"Block Group 2, Census Tract 56.20, Mecklenburg County, North Carolina",371190056202
230,16362,15000US371190038063,"Block Group 3, Census Tract 38.06, Mecklenburg County, North Carolina",371190038063
231,16455,15000US371190055182,"Block Group 2, Census Tract 55.18, Mecklenburg County, North Carolina",371190055182
232,16435,15000US371190055093,"Block Group 3, Census Tract 55.09, Mecklenburg County, North Carolina",371190055093
233,16576,15000US371190058391,"Block Group 1, Census Tract 58.39, Mecklenburg County, North Carolina",371190058391
234,16178,15000US371190015051,"Block Group 1, Census Tract 15.05, Mecklenburg County, North Carolina",371190015051
235,16244,15000US371190020021,"Block Group 1, Census Tract 20.02, Mecklenburg County, North Carolina",371190020021
236,16307,15000US371190030121,"Block Group 1, Census Tract 30.12, Mecklenburg County, North Carolina",371190030121
237,16427,15000US371190054031,"Block Group 1, Census Tract 54.03, Mecklenburg County, North Carolina",371190054031
238,16430,15000US371190054042,"Block Group 2, Census Tract 54.04, Mecklenburg County, North Carolina",371190054042
240,16209,15000US371190018022,"Block Group 2, Census Tract 18.02, Mecklenburg County, North Carolina",371190018022
241,16295,15000US371190030072,"Block Group 2, Census Tract 30.07, Mecklenburg County, North Carolina",371190030072
242,16496,15000US371190056182,"Block Group 2, Census Tract 56.18, Mecklenburg County, North Carolina",371190056182
243,16494,15000US371190056172,"Block Group 2, Census Tract 56.17, Mecklenburg County, North Carolina",371190056172
244,16493,15000US371190056171,"Block Group 1, Census Tract 56.17, Mecklenburg County, North Carolina",371190056171
245,16222,15000US371190019151,"Block Group 1, Census Tract 19.15, Mecklenburg County, North Carolina",371190019151
246,16223,15000US371190019152,"Block Group 2, Census Tract 19.15, Mecklenburg County, North Carolina",371190019152
247,16184,15000US371190015083,"Block Group 3, Census Tract 15.08, Mecklenburg County, North Carolina",371190015083
248,16225,15000US371190019154,"Block Group 4, Census Tract 19.15, Mecklenburg County, North Carolina",371190019154
249,16179,15000US371190015071,"Block Group 1, Census Tract 15.07, Mecklenburg County, North Carolina",371190015071
250,16434,15000US371190055092,"Block Group 2, Census Tract 55.09, Mecklenburg County, North Carolina",371190055092
251,16444,15000US371190055131,"Block Group 1, Census Tract 55.13, Mecklenburg County, North Carolina",371190055131
252,16446,15000US371190055133,"Block Group 3, Census Tract 55.13, Mecklenburg County, North Carolina",371190055133
253,16577,15000US371190058401,"Block Group 1, Census Tract 58.40, Mecklenburg County, North Carolina",371190058401
254,16466,15000US371190055231,"Block Group 1, Census Tract 55.23, Mecklenburg County, North Carolina",371190055231
255,16580,15000US371190058413,"Block Group 3, Census Tract 58.41, Mecklenburg County, North Carolina",371190058413
256,16608,15000US371190059111,"Block Group 1, Census Tract 59.11, Mecklenburg County, North Carolina",371190059111
257,16575,15000US371190058383,"Block Group 3, Census Tract 58.38, Mecklenburg County, North Carolina",371190058383
258,16392,15000US371190043051,"Block Group 1, Census Tract 43.05, Mecklenburg County, North Carolina",371190043051
259,16471,15000US371190055243,"Block Group 3, Census Tract 55.24, Mecklenburg County, North Carolina",371190055243
260,16652,15000US371190061091,"Block Group 1, Census Tract 61.09, Mecklenburg County, North Carolina",371190061091
261,16556,15000US371190058302,"Block Group 2, Census Tract 58.30, Mecklenburg County, North Carolina",371190058302
262,16536,15000US371190058161,"Block Group 1, Census Tract 58.16, Mecklenburg County, North Carolina",371190058161
263,16318,15000US371190030172,"Block Group 2, Census Tract 30.17, Mecklenburg County, North Carolina",371190030172
264,16447,15000US371190055141,"Block Group 1, Census Tract 55.14, Mecklenburg County, North Carolina",371190055141
265,16445,15000US371190055132,"Block Group 2, Census Tract 55.13, Mecklenburg County, North Carolina",371190055132
266,16645,15000US371190061051,"Block Group 1, Census Tract 61.05, Mecklenburg County, North Carolina",371190061051
267,16605,15000US371190059091,"Block Group 1, Census Tract 59.09, Mecklenburg County, North Carolina",371190059091
268,16214,15000US371190019112,"Block Group 2, Census Tract 19.11, Mecklenburg County, North Carolina",371190019112
269,16319,15000US371190030181,"Block Group 1, Census Tract 30.18, Mecklenburg County, North Carolina",371190030181
270,16224,15000US371190019153,"Block Group 3, Census Tract 19.15, Mecklenburg County, North Carolina",371190019153
271,16185,15000US371190015091,"Block Group 1, Census Tract 15.09, Mecklenburg County, North Carolina",371190015091
272,16533,15000US371190058123,"Block Group 3, Census Tract 58.12, Mecklenburg County, North Carolina",371190058123
273,16488,15000US371190056141,"Block Group 1, Census Tract 56.14, Mecklenburg County, North Carolina",371190056141
274,16465,15000US371190055223,"Block Group 3, Census Tract 55.22, Mecklenburg County, North Carolina",371190055223
275,16448,15000US371190055142,"Block Group 2, Census Tract 55.14, Mecklenburg County, North Carolina",371190055142
276,16432,15000US371190055082,"Block Group 2, Census Tract 55.08, Mecklenburg County, North Carolina",371190055082
277,16433,15000US371190055091,"Block Group 1, Census Tract 55.09, Mecklenburg County, North Carolina",371190055091
278,16439,15000US371190055112,"Block Group 2, Census Tract 55.11, Mecklenburg County, North Carolina",371190055112
279,16440,15000US371190055113,"Block Group 3, Census Tract 55.11, Mecklenburg County, North Carolina",371190055113
280,16436,15000US371190055101,"Block Group 1, Census Tract 55.10, Mecklenburg County, North Carolina",371190055101
281,16438,15000US371190055111,"Block Group 1, Census Tract 55.11, Mecklenburg County, North Carolina",371190055111
282,16442,15000US371190055122,"Block Group 2, Census Tract 55.12, Mecklenburg County, North Carolina",371190055122
283,16443,15000US371190055123,"Block Group 3, Census Tract 55.12, Mecklenburg County, North Carolina",371190055123
284,16540,15000US371190058231,"Block Group 1, Census Tract 58.23, Mecklenburg County, North Carolina",371190058231
285,16697,15000US371199802001,"Block Group 1, Census Tract 9802, Mecklenburg County, North Carolina",371199802001
286,16599,15000US371190059062,"Block Group 2, Census Tract 59.06, Mecklenburg County, North Carolina",371190059062
287,16532,15000US371190058122,"Block Group 2, Census Tract 58.12, Mecklenburg County, North Carolina",371190058122
288,16531,15000US371190058121,"Block Group 1, Census Tract 58.12, Mecklenburg County, North Carolina",371190058121
289,16623,15000US371190059181,"Block Group 1, Census Tract 59.18, Mecklenburg County, North Carolina",371190059181
290,16358,15000US371190038023,"Block Group 3, Census Tract 38.02, Mecklenburg County, North Carolina",371190038023
291,16420,15000US371190053071,"Block Group 1, Census Tract 53.07, Mecklenburg County, North Carolina",371190053071
292,16396,15000US371190045001,"Block Group 1, Census Tract 45, Mecklenburg County, North Carolina",371190045001
293,16383,15000US371190042002,"Block Group 2, Census Tract 42, Mecklenburg County, North Carolina",371190042002
294,16370,15000US371190039023,"Block Group 3, Census Tract 39.02, Mecklenburg County, North Carolina",371190039023
295,16406,15000US371190050001,"Block Group 1, Census Tract 50, Mecklenburg County, North Carolina",371190050001
296,16491,15000US371190056151,"Block Group 1, Census Tract 56.15, Mecklenburg County, North Carolina",371190056151
297,16551,15000US371190058282,"Block Group 2, Census Tract 58.28, Mecklenburg County, North Carolina",371190058282
298,16554,15000US371190058292,"Block Group 2, Census Tract 58.29, Mecklenburg County, North Carolina",371190058292
299,16485,15000US371190056121,"Block Group 1, Census Tract 56.12, Mecklenburg County, North Carolina",371190056121
300,16553,15000US371190058291,"Block Group 1, Census Tract 58.29, Mecklenburg County, North Carolina",371190058291
301,16486,15000US371190056122,"Block Group 2, Census Tract 56.12, Mecklenburg County, North Carolina",371190056122
302,16308,15000US371190030122,"Block Group 2, Census Tract 30.12, Mecklenburg County, North Carolina",371190030122
303,16300,15000US371190030082,"Block Group 2, Census Tract 30.08, Mecklenburg County, North Carolina",371190030082
304,16423,15000US371190053082,"Block Group 2, Census Tract 53.08, Mecklenburg County, North Carolina",371190053082
305,16441,15000US371190055121,"Block Group 1, Census Tract 55.12, Mecklenburg County, North Carolina",371190055121
306,16372,15000US371190039031,"Block Group 1, Census Tract 39.03, Mecklenburg County, North Carolina",371190039031
307,16360,15000US371190038061,"Block Group 1, Census Tract 38.06, Mecklenburg County, North Carolina",371190038061
308,16588,15000US371190058451,"Block Group 1, Census Tract 58.45, Mecklenburg County, North Carolina",371190058451
309,16541,15000US371190058232,"Block Group 2, Census Tract 58.23, Mecklenburg County, North Carolina",371190058232
310,16542,15000US371190058233,"Block Group 3, Census Tract 58.23, Mecklenburg County, North Carolina",371190058233
311,16404,15000US371190048003,"Block Group 3, Census Tract 48, Mecklenburg County, North Carolina",371190048003
312,16181,15000US371190015073,"Block Group 3, Census Tract 15.07, Mecklenburg County, North Carolina",371190015073
313,16612,15000US371190059131,"Block Group 1, Census Tract 59.13, Mecklenburg County, North Carolina",371190059131
314,16167,15000US371190012001,"Block Group 1, Census Tract 12, Mecklenburg County, North Carolina",371190012001
315,16165,15000US371190011001,"Block Group 1, Census Tract 11, Mecklenburg County, North Carolina",371190011001
316,16210,15000US371190019101,"Block Group 1, Census Tract 19.10, Mecklenburg County, North Carolina",371190019101
316,16211,15000US371190019102,"Block Group 2, Census Tract 19.10, Mecklenburg County, North Carolina",371190019102
317,16353,15000US371190036004,"Block Group 4, Census Tract 36, Mecklenburg County, North Carolina",371190036004
318,16530,15000US371190058112,"Block Group 2, Census Tract 58.11, Mecklenburg County, North Carolina",371190058112
319,16613,15000US371190059132,"Block Group 2, Census Tract 59.13, Mecklenburg County, North Carolina",371190059132
320,16259,15000US371190022002,"Block Group 2, Census Tract 22, Mecklenburg County, North Carolina",371190022002
321,16368,15000US371190039021,"Block Group 1, Census Tract 39.02, Mecklenburg County, North Carolina",371190039021
322,16243,15000US371190019232,"Block Group 2, Census Tract 19.23, Mecklenburg County, North Carolina",371190019232
323,16241,15000US371190019222,"Block Group 2, Census Tract 19.22, Mecklenburg County, North Carolina",371190019222
324,16495,15000US371190056181,"Block Group 1, Census Tract 56.18, Mecklenburg County, North Carolina",371190056181
325,16183,15000US371190015082,"Block Group 2, Census Tract 15.08, Mecklenburg County, North Carolina",371190015082
326,16352,15000US371190036003,"Block Group 3, Census Tract 36, Mecklenburg County, North Carolina",371190036003
327,16177,15000US371190015043,"Block Group 3, Census Tract 15.04, Mecklenburg County, North Carolina",371190015043
328,16474,15000US371190055246,"Block Group 6, Census Tract 55.24, Mecklenburg County, North Carolina",371190055246
329,16472,15000US371190055244,"Block Group 4, Census Tract 55.24, Mecklenburg County, North Carolina",371190055244
330,16636,15000US371190060102,"Block Group 2, Census Tract 60.10, Mecklenburg County, North Carolina",371190060102
331,16473,15000US371190055245,"Block Group 5, Census Tract 55.24, Mecklenburg County, North Carolina",371190055245
332,16634,15000US371190060092,"Block Group 2, Census Tract 60.09, Mecklenburg County, North Carolina",371190060092
333,16625,15000US371190060061,"Block Group 1, Census Tract 60.06, Mecklenburg County, North Carolina",371190060061
334,16469,15000US371190055241,"Block Group 1, Census Tract 55.24, Mecklenburg County, North Carolina",371190055241
335,16543,15000US371190058234,"Block Group 4, Census Tract 58.23, Mecklenburg County, North Carolina",371190058234
336,16462,15000US371190055213,"Block Group 3, Census Tract 55.21, Mecklenburg County, North Carolina",371190055213
337,16630,15000US371190060073,"Block Group 3, Census Tract 60.07, Mecklenburg County, North Carolina",371190060073
338,16354,15000US371190037001,"Block Group 1, Census Tract 37, Mecklenburg County, North Carolina",371190037001
339,16150,15000US371190004001,"Block Group 1, Census Tract 4, Mecklenburg County, North Carolina",371190004001
340,16145,15000US371190001002,"Block Group 2, Census Tract 1, Mecklenburg County, North Carolina",371190001002
340,16146,15000US371190001003,"Block Group 3, Census Tract 1, Mecklenburg County, North Carolina",371190001003
340,16152,15000US371190005001,"Block Group 1, Census Tract 5, Mecklenburg County, North Carolina",371190005001
340,16153,15000US371190005002,"Block Group 2, Census Tract 5, Mecklenburg County, North Carolina",371190005002
341,16147,15000US371190001004,"Block Group 4, Census Tract 1, Mecklenburg County, North Carolina",371190001004
341,16155,15000US371190006001,"Block Group 1, Census Tract 6, Mecklenburg County, North Carolina",371190006001
341,16156,15000US371190006002,"Block Group 2, Census Tract 6, Mecklenburg County, North Carolina",371190006002
342,16148,15000US371190001005,"Block Group 5, Census Tract 1, Mecklenburg County, North Carolina",371190001005
342,16698,15000US371199803001,"Block Group 1, Census Tract 9803, Mecklenburg County, North Carolina",371199803001
343,16174,15000US371190014002,"Block Group 2, Census Tract 14, Mecklenburg County, North Carolina",371190014002
344,16173,15000US371190014001,"Block Group 1, Census Tract 14, Mecklenburg County, North Carolina",371190014001
345,16641,15000US371190061041,"Block Group 1, Census Tract 61.04, Mecklenburg County, North Carolina",371190061041
346,16390,15000US371190043041,"Block Group 1, Census Tract 43.04, Mecklenburg County, North Carolina",371190043041
347,16378,15000US371190041001,"Block Group 1, Census Tract 41, Mecklenburg County, North Carolina",371190041001
348,16633,15000US371190060091,"Block Group 1, Census Tract 60.09, Mecklenburg County, North Carolina",371190060091
348,16635,15000US371190060101,"Block Group 1, Census Tract 60.10, Mecklenburg County, North Carolina",371190060101
349,16283,15000US371190029042,"Block Group 2, Census Tract 29.04, Mecklenburg County, North Carolina",371190029042
350,16284,15000US371190029043,"Block Group 3, Census Tract 29.04, Mecklenburg County, North Carolina",371190029043
351,16317,15000US371190030171,"Block Group 1, Census Tract 30.17, Mecklenburg County, North Carolina",371190030171
352,16314,15000US371190030161,"Block Group 1, Census Tract 30.16, Mecklenburg County, North Carolina",371190030161
353,16310,15000US371190030132,"Block Group 2, Census Tract 30.13, Mecklenburg County, North Carolina",371190030132
354,16558,15000US371190058312,"Block Group 2, Census Tract 58.31, Mecklenburg County, North Carolina",371190058312
355,16569,15000US371190058371,"Block Group 1, Census Tract 58.37, Mecklenburg County, North Carolina",371190058371
356,16572,15000US371190058374,"Block Group 4, Census Tract 58.37, Mecklenburg County, North Carolina",371190058374
356,16578,15000US371190058411,"Block Group 1, Census Tract 58.41, Mecklenburg County, North Carolina",371190058411
357,16338,15000US371190032041,"Block Group 1, Census Tract 32.04, Mecklenburg County, North Carolina",371190032041
357,16339,15000US371190032042,"Block Group 2, Census Tract 32.04, Mecklenburg County, North Carolina",371190032042
358,16290,15000US371190029062,"Block Group 2, Census Tract 29.06, Mecklenburg County, North Carolina",371190029062
358,16291,15000US371190029063,"Block Group 3, Census Tract 29.06, Mecklenburg County, North Carolina",371190029063
359,16303,15000US371190030112,"Block Group 2, Census Tract 30.11, Mecklenburg County, North Carolina",371190030112
359,16304,15000US371190030113,"Block Group 3, Census Tract 30.11, Mecklenburg County, North Carolina",371190030113
360,16497,15000US371190056191,"Block Group 1, Census Tract 56.19, Mecklenburg County, North Carolina",371190056191
360,16498,15000US371190056192,"Block Group 2, Census Tract 56.19, Mecklenburg County, North Carolina",371190056192
361,16380,15000US371190041003,"Block Group 3, Census Tract 41, Mecklenburg County, North Carolina",371190041003
361,16381,15000US371190041004,"Block Group 4, Census Tract 41, Mecklenburg County, North Carolina",371190041004
362,16356,15000US371190038021,"Block Group 1, Census Tract 38.02, Mecklenburg County, North Carolina",371190038021
362,16357,15000US371190038022,"Block Group 2, Census Tract 38.02, Mecklenburg County, North Carolina",371190038022
363,16408,15000US371190051001,"Block Group 1, Census Tract 51, Mecklenburg County, North Carolina",371190051001
363,16409,15000US371190051002,"Block Group 2, Census Tract 51, Mecklenburg County, North Carolina",371190051002
364,16276,15000US371190028001,"Block Group 1, Census Tract 28, Mecklenburg County, North Carolina",371190028001
364,16278,15000US371190028003,"Block Group 3, Census Tract 28, Mecklenburg County, North Carolina",371190028003
365,16202,15000US371190017022,"Block Group 2, Census Tract 17.02, Mecklenburg County, North Carolina",371190017022
365,16203,15000US371190017023,"Block Group 3, Census Tract 17.02, Mecklenburg County, North Carolina",371190017023
366,16205,15000US371190018011,"Block Group 1, Census Tract 18.01, Mecklenburg County, North Carolina",371190018011
366,16206,15000US371190018012,"Block Group 2, Census Tract 18.01, Mecklenburg County, North Carolina",371190018012
367,16264,15000US371190024001,"Block Group 1, Census Tract 24, Mecklenburg County, North Carolina",371190024001
367,16265,15000US371190024002,"Block Group 2, Census Tract 24, Mecklenburg County, North Carolina",371190024002
367,16266,15000US371190024003,"Block Group 3, Census Tract 24, Mecklenburg County, North Carolina",371190024003
367,16267,15000US371190025001,"Block Group 1, Census Tract 25, Mecklenburg County, North Carolina",371190025001
367,16268,15000US371190025002,"Block Group 2, Census Tract 25, Mecklenburg County, North Carolina",371190025002
368,16547,15000US371190058261,"Block Group 1, Census Tract 58.26, Mecklenburg County, North Carolina",371190058261
368,16548,15000US371190058262,"Block Group 2, Census Tract 58.26, Mecklenburg County, North Carolina",371190058262
369,16410,15000US371190052001,"Block Group 1, Census Tract 52, Mecklenburg County, North Carolina",371190052001
369,16411,15000US371190052002,"Block Group 2, Census Tract 52, Mecklenburg County, North Carolina",371190052002
370,16262,15000US371190023001,"Block Group 1, Census Tract 23, Mecklenburg County, North Carolina",371190023001
370,16263,15000US371190023002,"Block Group 2, Census Tract 23, Mecklenburg County, North Carolina",371190023002
371,16415,15000US371190053051,"Block Group 1, Census Tract 53.05, Mecklenburg County, North Carolina",371190053051
371,16416,15000US371190053052,"Block Group 2, Census Tract 53.05, Mecklenburg County, North Carolina",371190053052
371,16417,15000US371190053053,"Block Group 3, Census Tract 53.05, Mecklenburg County, North Carolina",371190053053
371,16418,15000US371190053061,"Block Group 1, Census Tract 53.06, Mecklenburg County, North Carolina",371190053061
371,16419,15000US371190053062,"Block Group 2, Census Tract 53.06, Mecklenburg County, North Carolina",371190053062
372,16450,15000US371190055151,"Block Group 1, Census Tract 55.15, Mecklenburg County, North Carolina",371190055151
372,16451,15000US371190055161,"Block Group 1, Census Tract 55.16, Mecklenburg County, North Carolina",371190055161
372,16452,15000US371190055171,"Block Group 1, Census Tract 55.17, Mecklenburg County, North Carolina",371190055171
372,16453,15000US371190055172,"Block Group 2, Census Tract 55.17, Mecklenburg County, North Carolina",371190055172
372,16456,15000US371190055191,"Block Group 1, Census Tract 55.19, Mecklenburg County, North Carolina",371190055191
373,16253,15000US371190020041,"Block Group 1, Census Tract 20.04, Mecklenburg County, North Carolina",371190020041
373,16254,15000US371190020042,"Block Group 2, Census Tract 20.04, Mecklenburg County, North Carolina",371190020042
374,16402,15000US371190048001,"Block Group 1, Census Tract 48, Mecklenburg County, North Carolina",371190048001
374,16403,15000US371190048002,"Block Group 2, Census Tract 48, Mecklenburg County, North Carolina",371190048002
375,16296,15000US371190030073,"Block Group 3, Census Tract 30.07, Mecklenburg County, North Carolina",371190030073
375,16298,15000US371190030075,"Block Group 5, Census Tract 30.07, Mecklenburg County, North Carolina",371190030075
376,16631,15000US371190060081,"Block Group 1, Census Tract 60.08, Mecklenburg County, North Carolina",371190060081
376,16632,15000US371190060082,"Block Group 2, Census Tract 60.08, Mecklenburg County, North Carolina",371190060082
377,16489,15000US371190056142,"Block Group 2, Census Tract 56.14, Mecklenburg County, North Carolina",371190056142
377,16490,15000US371190056143,"Block Group 3, Census Tract 56.14, Mecklenburg County, North Carolina",371190056143
378,16162,15000US371190010001,"Block Group 1, Census Tract 10, Mecklenburg County, North Carolina",371190010001
378,16163,15000US371190010002,"Block Group 2, Census Tract 10, Mecklenburg County, North Carolina",371190010002
378,16164,15000US371190010003,"Block Group 3, Census Tract 10, Mecklenburg County, North Carolina",371190010003
378,16169,15000US371190012003,"Block Group 3, Census Tract 12, Mecklenburg County, North Carolina",371190012003
379,16590,15000US371190058461,"Block Group 1, Census Tract 58.46, Mecklenburg County, North Carolina",371190058461
379,16591,15000US371190058462,"Block Group 2, Census Tract 58.46, Mecklenburg County, North Carolina",371190058462
380,16592,15000US371190058471,"Block Group 1, Census Tract 58.47, Mecklenburg County, North Carolina",371190058471
380,16595,15000US371190058481,"Block Group 1, Census Tract 58.48, Mecklenburg County, North Carolina",371190058481
380,16596,15000US371190058482,"Block Group 2, Census Tract 58.48, Mecklenburg County, North Carolina",371190058482
381,16341,15000US371190033001,"Block Group 1, Census Tract 33, Mecklenburg County, North Carolina",371190033001
381,16342,15000US371190033002,"Block Group 2, Census Tract 33, Mecklenburg County, North Carolina",371190033002
381,16343,15000US371190033003,"Block Group 3, Census Tract 33, Mecklenburg County, North Carolina",371190033003
382,16398,15000US371190045003,"Block Group 3, Census Tract 45, Mecklenburg County, North Carolina",371190045003
382,16401,15000US371190047001,"Block Group 1, Census Tract 47, Mecklenburg County, North Carolina",371190047001
383,16328,15000US371190031061,"Block Group 1, Census Tract 31.06, Mecklenburg County, North Carolina",371190031061
383,16331,15000US371190031082,"Block Group 2, Census Tract 31.08, Mecklenburg County, North Carolina",371190031082
384,16144,15000US371190001001,"Block Group 1, Census Tract 1, Mecklenburg County, North Carolina",371190001001
384,16154,15000US371190005003,"Block Group 3, Census Tract 5, Mecklenburg County, North Carolina",371190005003
385,16386,15000US371190043021,"Block Group 1, Census Tract 43.02, Mecklenburg County, North Carolina",371190043021
385,16387,15000US371190043022,"Block Group 2, Census Tract 43.02, Mecklenburg County, North Carolina",371190043022
385,16388,15000US371190043023,"Block Group 3, Census Tract 43.02, Mecklenburg County, North Carolina",371190043023
386,16160,15000US371190009001,"Block Group 1, Census Tract 9, Mecklenburg County, North Carolina",371190009001
386,16161,15000US371190009002,"Block Group 2, Census Tract 9, Mecklenburg County, North Carolina",371190009002
387,16376,15000US371190040003,"Block Group 3, Census Tract 40, Mecklenburg County, North Carolina",371190040003
387,16377,15000US371190040004,"Block Group 4, Census Tract 40, Mecklenburg County, North Carolina",371190040004
388,16350,15000US371190036001,"Block Group 1, Census Tract 36, Mecklenburg County, North Carolina",371190036001
388,16351,15000US371190036002,"Block Group 2, Census Tract 36, Mecklenburg County, North Carolina",371190036002
389,16189,15000US371190016031,"Block Group 1, Census Tract 16.03, Mecklenburg County, North Carolina",371190016031
389,16190,15000US371190016032,"Block Group 2, Census Tract 16.03, Mecklenburg County, North Carolina",371190016032
389,16192,15000US371190016061,"Block Group 1, Census Tract 16.06, Mecklenburg County, North Carolina",371190016061
389,16193,15000US371190016062,"Block Group 2, Census Tract 16.06, Mecklenburg County, North Carolina",371190016062
390,16208,15000US371190018021,"Block Group 1, Census Tract 18.02, Mecklenburg County, North Carolina",371190018021
391,16248,15000US371190020031,"Block Group 1, Census Tract 20.03, Mecklenburg County, North Carolina",371190020031
391,16249,15000US371190020032,"Block Group 2, Census Tract 20.03, Mecklenburg County, North Carolina",371190020032
392,16270,15000US371190027011,"Block Group 1, Census Tract 27.01, Mecklenburg County, North Carolina",371190027011
392,16271,15000US371190027012,"Block Group 2, Census Tract 27.01, Mecklenburg County, North Carolina",371190027012
392,16272,15000US371190027013,"Block Group 3, Census Tract 27.01, Mecklenburg County, North Carolina",371190027013
392,16273,15000US371190027021,"Block Group 1, Census Tract 27.02, Mecklenburg County, North Carolina",371190027021
392,16274,15000US371190027022,"Block Group 2, Census Tract 27.02, Mecklenburg County, North Carolina",371190027022
392,16275,15000US371190027023,"Block Group 3, Census Tract 27.02, Mecklenburg County, North Carolina",371190027023
392,16277,15000US371190028002,"Block Group 2, Census Tract 28, Mecklenburg County, North Carolina",371190028002
393,16321,15000US371190031022,"Block Group 2, Census Tract 31.02, Mecklenburg County, North Carolina",371190031022
393,16323,15000US371190031031,"Block Group 1, Census Tract 31.03, Mecklenburg County, North Carolina",371190031031
393,16324,15000US371190031032,"Block Group 2, Census Tract 31.03, Mecklenburg County, North Carolina",371190031032
394,16256,15000US371190021001,"Block Group 1, Census Tract 21, Mecklenburg County, North Carolina",371190021001
394,16257,15000US371190021002,"Block Group 2, Census Tract 21, Mecklenburg County, North Carolina",371190021002
395,16509,15000US371190057091,"Block Group 1, Census Tract 57.09, Mecklenburg County, North Carolina",371190057091
396,16523,15000US371190057151,"Block Group 1, Census Tract 57.15, Mecklenburg County, North Carolina",371190057151
397,16662,15000US371190062092,"Block Group 2, Census Tract 62.09, Mecklenburg County, North Carolina",371190062092
398,16661,15000US371190062091,"Block Group 1, Census Tract 62.09, Mecklenburg County, North Carolina",371190062091
399,16663,15000US371190062093,"Block Group 3, Census Tract 62.09, Mecklenburg County, North Carolina",371190062093
400,16562,15000US371190058332,"Block Group 2, Census Tract 58.33, Mecklenburg County, North Carolina",371190058332
401,16516,15000US371190057121,"Block Group 1, Census Tract 57.12, Mecklenburg County, North Carolina",371190057121
402,16517,15000US371190057122,"Block Group 2, Census Tract 57.12, Mecklenburg County, North Carolina",371190057122
403,16518,15000US371190057131,"Block Group 1, Census Tract 57.13, Mecklenburg County, North Carolina",371190057131
404,16691,15000US371190064061,"Block Group 1, Census Tract 64.06, Mecklenburg County, North Carolina",371190064061
405,16693,15000US371190064063,"Block Group 3, Census Tract 64.06, Mecklenburg County, North Carolina",371190064063
406,16514,15000US371190057112,"Block Group 2, Census Tract 57.11, Mecklenburg County, North Carolina",371190057112
407,16508,15000US371190057064,"Block Group 4, Census Tract 57.06, Mecklenburg County, North Carolina",371190057064
408,16515,15000US371190057113,"Block Group 3, Census Tract 57.11, Mecklenburg County, North Carolina",371190057113
409,16658,15000US371190062043,"Block Group 3, Census Tract 62.04, Mecklenburg County, North Carolina",371190062043
410,16659,15000US371190062044,"Block Group 4, Census Tract 62.04, Mecklenburg County, North Carolina",371190062044
411,16694,15000US371190064071,"Block Group 1, Census Tract 64.07, Mecklenburg County, North Carolina",371190064071
412,16681,15000US371190063041,"Block Group 1, Census Tract 63.04, Mecklenburg County, North Carolina",371190063041
413,16682,15000US371190063042,"Block Group 2, Census Tract 63.04, Mecklenburg County, North Carolina",371190063042
416,16669,15000US371190062122,"Block Group 2, Census Tract 62.12, Mecklenburg County, North Carolina",371190062122
417,16668,15000US371190062121,"Block Group 1, Census Tract 62.12, Mecklenburg County, North Carolina",371190062121
418,16666,15000US371190062111,"Block Group 1, Census Tract 62.11, Mecklenburg County, North Carolina",371190062111
419,16667,15000US371190062112,"Block Group 2, Census Tract 62.11, Mecklenburg County, North Carolina",371190062112
420,16664,15000US371190062101,"Block Group 1, Census Tract 62.10, Mecklenburg County, North Carolina",371190062101
421,16665,15000US371190062102,"Block Group 2, Census Tract 62.10, Mecklenburg County, North Carolina",371190062102
422,16674,15000US371190062151,"Block Group 1, Census Tract 62.15, Mecklenburg County, North Carolina",371190062151
423,16520,15000US371190057141,"Block Group 1, Census Tract 57.14, Mecklenburg County, North Carolina",371190057141
424,16657,15000US371190062042,"Block Group 2, Census Tract 62.04, Mecklenburg County, North Carolina",371190062042
425,16522,15000US371190057143,"Block Group 3, Census Tract 57.14, Mecklenburg County, North Carolina",371190057143
426,16510,15000US371190057092,"Block Group 2, Census Tract 57.09, Mecklenburg County, North Carolina",371190057092
428,16506,15000US371190057062,"Block Group 2, Census Tract 57.06, Mecklenburg County, North Carolina",371190057062
430,16545,15000US371190058251,"Block Group 1, Census Tract 58.25, Mecklenburg County, North Carolina",371190058251
431,16505,15000US371190057061,"Block Group 1, Census Tract 57.06, Mecklenburg County, North Carolina",371190057061
432,16566,15000US371190058351,"Block Group 1, Census Tract 58.35, Mecklenburg County, North Carolina",371190058351
433,16597,15000US371190058483,"Block Group 3, Census Tract 58.48, Mecklenburg County, North Carolina",371190058483
434,16678,15000US371190063023,"Block Group 3, Census Tract 63.02, Mecklenburg County, North Carolina",371190063023
435,16513,15000US371190057111,"Block Group 1, Census Tract 57.11, Mecklenburg County, North Carolina",371190057111
436,16507,15000US371190057063,"Block Group 3, Census Tract 57.06, Mecklenburg County, North Carolina",371190057063
437,16676,15000US371190063021,"Block Group 1, Census Tract 63.02, Mecklenburg County, North Carolina",371190063021
438,16690,15000US371190064052,"Block Group 2, Census Tract 64.05, Mecklenburg County, North Carolina",371190064052
442,16511,15000US371190057101,"Block Group 1, Census Tract 57.10, Mecklenburg County, North Carolina",371190057101
443,16568,15000US371190058362,"Block Group 2, Census Tract 58.36, Mecklenburg County, North Carolina",371190058362
444,16567,15000US371190058361,"Block Group 1, Census Tract 58.36, Mecklenburg County, North Carolina",371190058361
445,16673,15000US371190062142,"Block Group 2, Census Tract 62.14, Mecklenburg County, North Carolina",371190062142
446,16672,15000US371190062141,"Block Group 1, Census Tract 62.14, Mecklenburg County, North Carolina",371190062141
447,16671,15000US371190062132,"Block Group 2, Census Tract 62.13, Mecklenburg County, North Carolina",371190062132
448,16660,15000US371190062081,"Block Group 1, Census Tract 62.08, Mecklenburg County, North Carolina",371190062081
449,16656,15000US371190062041,"Block Group 1, Census Tract 62.04, Mecklenburg County, North Carolina",371190062041
450,16670,15000US371190062131,"Block Group 1, Census Tract 62.13, Mecklenburg County, North Carolina",371190062131
451,16688,15000US371190064042,"Block Group 2, Census Tract 64.04, Mecklenburg County, North Carolina",371190064042
452,16677,15000US371190063022,"Block Group 2, Census Tract 63.02, Mecklenburg County, North Carolina",371190063022
453,16546,15000US371190058252,"Block Group 2, Census Tract 58.25, Mecklenburg County, North Carolina",371190058252
454,16521,15000US371190057142,"Block Group 2, Census Tract 57.14, Mecklenburg County, North Carolina",371190057142
455,16519,15000US371190057132,"Block Group 2, Census Tract 57.13, Mecklenburg County, North Carolina",371190057132
456,16563,15000US371190058333,"Block Group 3, Census Tract 58.33, Mecklenburg County, North Carolina",371190058333
457,16561,15000US371190058331,"Block Group 1, Census Tract 58.33, Mecklenburg County, North Carolina",371190058331
458,16692,15000US371190064062,"Block Group 2, Census Tract 64.06, Mecklenburg County, North Carolina",371190064062
459,16528,15000US371190057173,"Block Group 3, Census Tract 57.17, Mecklenburg County, North Carolina",371190057173
460,16564,15000US371190058341,"Block Group 1, Census Tract 58.34, Mecklenburg County, North Carolina",371190058341
462,16683,15000US371190063043,"Block Group 3, Census Tract 63.04, Mecklenburg County, North Carolina",371190063043
463,16679,15000US371190063031,"Block Group 1, Census Tract 63.03, Mecklenburg County, North Carolina",371190063031
464,16680,15000US371190063032,"Block Group 2, Census Tract 63.03, Mecklenburg County, North Carolina",371190063032
465,16565,15000US371190058342,"Block Group 2, Census Tract 58.34, Mecklenburg County, North Carolina",371190058342
466,16675,15000US371190062152,"Block Group 2, Census Tract 62.15, Mecklenburg County, North Carolina",371190062152
467,16695,15000US371190064072,"Block Group 2, Census Tract 64.07, Mecklenburg County, North Carolina",371190064072
468,16685,15000US371190064032,"Block Group 2, Census Tract 64.03, Mecklenburg County, North Carolina",371190064032
469,16687,15000US371190064041,"Block Group 1, Census Tract 64.04, Mecklenburg County, North Carolina",371190064041
470,16655,15000US371190062033,"Block Group 3, Census Tract 62.03, Mecklenburg County, North Carolina",371190062033
471,16689,15000US371190064051,"Block Group 1, Census Tract 64.05, Mecklenburg County, North Carolina",371190064051
472,16653,15000US371190062031,"Block Group 1, Census Tract 62.03, Mecklenburg County, North Carolina",371190062031
473,16684,15000US371190064031,"Block Group 1, Census Tract 64.03, Mecklenburg County, North Carolina",371190064031
474,16654,15000US371190062032,"Block Group 2, Census Tract 62.03, Mecklenburg County, North Carolina",371190062032
475,16686,15000US371190064033,"Block Group 3, Census Tract 64.03, Mecklenburg County, North Carolina",371190064033
